INSERT INTO user (id, user_id, password, name, deleted) values (1, 'javajigi', 'test', '자바지기', false);
INSERT INTO user (id, user_id, password, name, deleted) values (2, 'sanjigi', 'test', '산지기', false);
INSERT INTO user (id, user_id, password, name, deleted) values (3, 'koo', 'test', '구상윤', false);
INSERT INTO user (id, user_id, password, name, deleted) values (4, 'pobi', 'test', '박재성교수님', false);
INSERT INTO user (id, user_id, password, name, deleted) values (5, 'testman', 'testman', 'imTestMan', false);

INSERT INTO to_do_board (id, deleted, title, writer_id) values (1, false, 'CODE REVIEW', 1);
INSERT INTO to_do_board (id, deleted, title, writer_id) values (2, false, '영어회화 스케쥴러', 3);
INSERT INTO to_do_board (id, deleted, title, writer_id) values (3, false, '알고리즘 스케쥴러', 3);
INSERT INTO to_do_board (id, deleted, title, writer_id) values (4, false, 'CS 학습 스케쥴러', 3);

INSERT INTO to_do_deck (id, deleted, title, to_do_board_id, writer_id) values (1, false, 'level3 review', 1, 1);
INSERT INTO to_do_deck (id, deleted, title, to_do_board_id, writer_id) values (2, false, 'OPIC 스터디', 2, 3);
INSERT INTO to_do_deck (id, deleted, title, to_do_board_id, writer_id) values (3, false, 'TOIEC SPEAKING', 2, 3);
INSERT INTO to_do_deck (id, deleted, title, to_do_board_id, writer_id) values (4, false, '회화 필수 영단어', 2, 3);
INSERT INTO to_do_deck (id, deleted, title, to_do_board_id, writer_id) values (5, false, '백준 알고리즘', 3, 3);
INSERT INTO to_do_deck (id, deleted, title, to_do_board_id, writer_id) values (6, false, 'codility', 3, 3);
INSERT INTO to_do_deck (id, deleted, title, to_do_board_id, writer_id) values (7, false, 'HackerRank', 3, 3);
INSERT INTO to_do_deck (id, deleted, title, to_do_board_id, writer_id) values (8, false, 'OS 학습', 4, 3);
INSERT INTO to_do_deck (id, deleted, title, to_do_board_id, writer_id) values (9, false, 'Network 학습', 4, 3);
INSERT INTO to_do_deck (id, deleted, title, to_do_board_id, writer_id) values (10, false, 'Database 학습', 4, 3);
INSERT INTO to_do_deck (id, deleted, title, to_do_board_id, writer_id) values (11, false, 'Data Structure 학습', 4, 3);

INSERT INTO to_do_card (id, deleted, description, label, title, to_do_deck_id, writer_id) values (1, false, 'will code review', null, 'will review', 1, 1);
INSERT INTO to_do_card (id, deleted, description, label, title, to_do_deck_id, writer_id) values (2, false, 'sangco code review', null, 'sangco review', 1, 1);
INSERT INTO to_do_card (id, deleted, description, label, title, to_do_deck_id, writer_id) values (3, false, 'koo code review', null, 'koo review', 1, 1);
INSERT INTO to_do_card (id, deleted, description, label, title, to_do_deck_id, writer_id) values (4, false, 'link code review', null, 'link review', 1, 1);
INSERT INTO to_do_card (id, deleted, description, label, title, to_do_deck_id, writer_id) values (5, false, '<지하철> 관련 지문암기', null, 'step1 <지하철>', 2, 3);
INSERT INTO to_do_card (id, deleted, description, label, title, to_do_deck_id, writer_id) values (6, false, '<취미생활> 관련 지문암기', null, 'step2 <취미생활>', 2, 3);
INSERT INTO to_do_card (id, deleted, description, label, title, to_do_deck_id, writer_id) values (7, false, 'BOJ DP algorithm', null, 'DP algorithm', 5, 3);
INSERT INTO to_do_card (id, deleted, description, label, title, to_do_deck_id, writer_id) values (8, false, 'BOJ Sorting algorithm', null, 'SORTING algorithm', 5, 3);
INSERT INTO to_do_card (id, deleted, description, label, title, to_do_deck_id, writer_id) values (9, false, 'Codility Greedy algorithm', null, 'GREEDY algorithm', 6, 3);
INSERT INTO to_do_card (id, deleted, description, label, title, to_do_deck_id, writer_id) values (10, false, 'Codility String algorithm', null, 'STRING algorithm', 6, 3);
INSERT INTO to_do_card (id, deleted, description, label, title, to_do_deck_id, writer_id) values (11, false, 'OS - THREAD', null, 'THREAD', 8, 3);
INSERT INTO to_do_card (id, deleted, description, label, title, to_do_deck_id, writer_id) values (12, false, 'OS - CACHE', null, 'CACHE', 8, 3);
INSERT INTO to_do_card (id, deleted, description, label, title, to_do_deck_id, writer_id) values (13, false, 'Database - INDEX', null, 'INDEX', 10, 3);
INSERT INTO to_do_card (id, deleted, description, label, title, to_do_deck_id, writer_id) values (14, false, 'Database - TRANSACTION', null, 'TRANSACTION', 10, 3);
INSERT INTO to_do_card (id, deleted, description, label, title, to_do_deck_id, writer_id) values (15, false, 'Data Structure - TREE', null, 'TREE', 10, 3);
INSERT INTO to_do_card (id, deleted, description, label, title, to_do_deck_id, writer_id) values (16, false, 'Data Structure - GRAPH', null, 'GRAPH', 10, 3);
INSERT INTO to_do_card (id, deleted, description, label, title, to_do_deck_id, writer_id) values (17, false, 'Data Structure - STACK-QUEUE', null, 'STACK-QUEUE', 10, 3);

INSERT INTO comment (id, comment, deleted, to_do_card_id, writer_id) values (1, 'level3 start.', false, 1, 1);
INSERT INTO comment (id, comment, deleted, to_do_card_id, writer_id) values (2, 'complete step 1', false, 1, 1);
INSERT INTO comment (id, comment, deleted, to_do_card_id, writer_id) values (3, 'day1 : 중요 구문 암기 완료.', false, 5, 3);
INSERT INTO comment (id, comment, deleted, to_do_card_id, writer_id) values (4, '<2089>, <3024> 문제 풀이 완료.', false, 7, 3);
INSERT INTO comment (id, comment, deleted, to_do_card_id, writer_id) values (5, '<17702> 문제 풀이 완료.', false, 7, 3);
INSERT INTO comment (id, comment, deleted, to_do_card_id, writer_id) values (6, '<18802> 문제 풀이 완료.', false, 8, 3);
INSERT INTO comment (id, comment, deleted, to_do_card_id, writer_id) values (7, '쓰레드 개념정리 완료.', false, 11, 3);
INSERT INTO comment (id, comment, deleted, to_do_card_id, writer_id) values (8, '캐시 개념정리 완료.', false, 12, 3);
INSERT INTO comment (id, comment, deleted, to_do_card_id, writer_id) values (9, '데이터베이스의 인덱스 정리 완료.', false, 13, 3);
INSERT INTO comment (id, comment, deleted, to_do_card_id, writer_id) values (10, '트랜잭션 개념 정리 완료.', false, 14, 3);
INSERT INTO comment (id, comment, deleted, to_do_card_id, writer_id) values (11, 'torp 프로젝트 내부의 트랜잭션 정리 완료.', false, 14, 3);
